<!--

    Sonatype Nexus (TM) Open Source Version
    Copyright (c) 2007-2012 Sonatype, Inc.
    All rights reserved. Includes the third-party code listed at http://links.sonatype.com/products/nexus/oss/attributions.

    This program and the accompanying materials are made available under the terms of the Eclipse Public License Version 1.0,
    which accompanies this distribution and is available at http://www.eclipse.org/legal/epl-v10.html.

    Sonatype Nexus (TM) Professional Version is available from Sonatype, Inc. "Sonatype" and "Sonatype Nexus" are trademarks
    of Sonatype, Inc. Apache Maven is a trademark of the Apache Software Foundation. M2eclipse is a trademark of the
    Eclipse Foundation. All other trademarks are the property of their respective owners.

-->
<plexus>

  <components>
    <component>
      <role>org.codehaus.plexus.logging.LoggerManager</role>
      <implementation>org.codehaus.plexus.logging.slf4j.Slf4jLoggerManager</implementation>
      <configuration>
        <threshold>DEBUG</threshold>
      </configuration>
    </component>
  </components>

</plexus>
